id,first_name,last_name,email,ip_address
1,Wyndham,Semrad,wsemrad0@deliciousdays.com,22.140.44.84
2,Jemima,Oxby,joxby1@wired.com,5.52.94.59
3,Kelsi,Brundell,kbrundell2@ebay.com,147.2.32.165
4,Abagael,Cicco,acicco3@microsoft.com,165.147.145.6
5,Gaynor,Gyles,ggyles4@booking.com,101.52.192.74
6,Terri,Thecham,tthecham5@bizjournals.com,71.106.252.245
7,Corney,Scriver,cscriver6@quantcast.com,211.186.211.97
8,Lynn,Glasbey,lglasbey7@networksolutions.com,229.119.16.159
9,Hilary,Caldwell,hcaldwell8@nyu.edu,108.249.79.200
10,Haydon,Barnshaw,hbarnshaw9@google.nl,152.111.235.194
11,Faina,Trenouth,ftrenoutha@facebook.com,24.137.153.109
12,Fanechka,Winterflood,fwinterfloodb@squidoo.com,203.173.89.174
13,Rex,McKeney,rmckeneyc@telegraph.co.uk,161.27.81.142
14,Danya,Sworne,dsworned@ezinearticles.com,194.164.213.185
15,Sutton,Rhead,srheade@fema.gov,211.46.88.125
16,Dion,Santhouse,dsanthousef@theguardian.com,67.135.49.19
17,Ceciley,Haxley,chaxleyg@macromedia.com,41.91.185.145
18,Joanne,Polfer,jpolferh@google.pl,204.47.236.242
19,Averill,Rohfsen,arohfseni@prweb.com,120.76.20.93
20,Denis,Matasov,dmatasovj@java.com,126.85.85.193
21,Dickie,Thamelt,dthameltk@google.es,85.123.199.211
22,Gerianne,Farlowe,gfarlowel@google.it,40.138.68.19
23,Adrian,Douch,adouchm@bloglines.com,176.51.193.94
24,Sibyl,Thunnercliff,sthunnercliffn@nih.gov,153.113.113.134
25,Davey,Leggatt,dleggatto@w3.org,60.218.50.177
26,Ellery,Darville,edarvillep@imageshack.us,98.232.65.229
27,Tait,Sweeney,tsweeneyq@fotki.com,0.51.209.151
28,Gabie,Divine,gdiviner@trellian.com,251.100.0.171
29,Audi,Water,awaters@bloomberg.com,236.19.74.234
30,Phoebe,Wannell,pwannellt@ucoz.com,170.119.57.168
31,Bo,Cecere,bcecereu@woothemes.com,52.149.189.192
32,Margette,Behrens,mbehrensv@apple.com,158.79.118.58
33,Cynde,Skiplorne,cskiplornew@edublogs.org,52.240.169.84
34,Anastassia,D'Aguanno,adaguannox@ovh.net,81.17.51.107
35,Cindelyn,Yelland,cyellandy@who.int,46.79.210.11
36,Kendall,Gerler,kgerlerz@fema.gov,59.16.246.74
37,Emyle,Blackboro,eblackboro10@google.de,9.116.111.135
38,Buddie,Gingel,bgingel11@who.int,188.120.80.28
39,Danita,Eilert,deilert12@behance.net,225.238.124.31
40,Paten,Kernoghan,pkernoghan13@berkeley.edu,228.152.253.98
41,Cristen,McKenna,cmckenna14@blogger.com,175.244.175.51
42,Isabelita,Heffernan,iheffernan15@nyu.edu,225.205.169.135
43,Maryrose,Gallop,mgallop16@163.com,80.213.148.222
44,Magdaia,Coppins,mcoppins17@soup.io,6.146.250.169
45,Kristen,Dilgarno,kdilgarno18@360.cn,7.223.71.100
46,Andras,Farfull,afarfull19@cloudflare.com,124.0.252.186
47,Maximilian,Gaw,mgaw1a@usnews.com,176.205.124.138
48,Miller,Norkett,mnorkett1b@npr.org,126.203.52.232
49,Jeanette,Camings,jcamings1c@google.com.br,182.189.142.70
50,Ryon,Gantley,rgantley1d@over-blog.com,249.175.209.58
51,Ofelia,Pauer,opauer1e@twitter.com,77.130.141.57
52,Mahmud,Krahl,mkrahl1f@weebly.com,65.158.164.30
53,Wilmer,Le Friec,wlefriec1g@opensource.org,77.127.6.165
54,Allie,Lebarree,alebarree1h@sakura.ne.jp,181.148.167.171
55,Kamillah,Whitaker,kwhitaker1i@theguardian.com,248.7.234.82
56,Bart,Lawrence,blawrence1j@mediafire.com,157.185.80.44
57,Rona,Ghiotto,rghiotto1k@census.gov,65.81.241.43
58,Stafani,Cowthard,scowthard1l@boston.com,173.103.125.133
59,Annnora,Josefsson,ajosefsson1m@com.com,244.51.155.88
60,Charlotta,Kamen,ckamen1n@discovery.com,89.197.190.63
61,Sherlocke,Clayton,sclayton1o@amazon.com,6.217.187.143
62,Dorotea,Sowte,dsowte1p@rakuten.co.jp,146.56.52.255
63,Blithe,Mussard,bmussard1q@macromedia.com,226.209.64.3
64,Jonathon,Presley,jpresley1r@digg.com,2.91.119.240
65,Uriel,Carvil,ucarvil1s@latimes.com,217.25.186.159
66,Josy,Pryde,jpryde1t@hhs.gov,249.169.224.13
67,Sibbie,Phettiplace,sphettiplace1u@mit.edu,169.158.55.157
68,Darby,Moralis,dmoralis1v@fastcompany.com,243.183.178.116
69,Ginelle,Bourne,gbourne1w@abc.net.au,177.212.249.254
70,Herschel,Heinrici,hheinrici1x@sciencedirect.com,240.48.148.162
71,Lurette,Scawton,lscawton1y@google.de,130.246.254.231
72,Wolf,Teresa,wteresa1z@businessweek.com,1.1.33.161
73,Cyndia,Malden,cmalden20@google.it,91.25.1.47
74,Jehanna,Pascow,jpascow21@biblegateway.com,181.69.163.17
75,Diane,Rabb,drabb22@freewebs.com,241.220.59.103
76,Salaidh,Lapslie,slapslie23@theatlantic.com,240.148.209.143
77,Elora,Perez,eperez24@microsoft.com,113.204.196.232
78,Candide,Antyshev,cantyshev25@dyndns.org,207.84.125.33
79,Michal,McCumskay,mmccumskay26@narod.ru,58.135.30.147
80,Leonard,Robus,lrobus27@drupal.org,1.37.195.122
81,Noni,Sinnat,nsinnat28@biblegateway.com,106.247.18.123
82,Shoshanna,Bedow,sbedow29@deviantart.com,252.193.167.107
83,Elfrieda,Lindenbaum,elindenbaum2a@tinyurl.com,6.97.165.17
84,Mortimer,Buesnel,mbuesnel2b@example.com,214.136.85.15
85,Madonna,Brambell,mbrambell2c@spiegel.de,223.164.63.117
86,Marjie,Chillistone,mchillistone2d@aboutads.info,232.114.130.215
87,Angy,Abrahamsen,aabrahamsen2e@ameblo.jp,248.171.110.249
88,Giselbert,Lansdown,glansdown2f@scribd.com,36.141.125.158
89,Warden,Saterthwait,wsaterthwait2g@goodreads.com,81.164.47.162
90,Moises,Camosso,mcamosso2h@ow.ly,15.153.121.90
91,Karlie,Izkoveski,kizkoveski2i@acquirethisname.com,128.105.91.214
92,Beltran,Blakeslee,bblakeslee2j@netlog.com,16.228.172.47
93,Naomi,Firminger,nfirminger2k@cargocollective.com,51.123.177.120
94,Desdemona,Laskey,dlaskey2l@japanpost.jp,72.14.205.95
95,Korry,Schoenleiter,kschoenleiter2m@altervista.org,194.220.11.151
96,Michaella,Seldner,mseldner2n@nba.com,118.174.35.127
97,Miranda,Vertey,mvertey2o@furl.net,148.241.211.196
98,Rourke,Desson,rdesson2p@blogtalkradio.com,178.17.143.228
99,Orren,Pietrusiak,opietrusiak2q@who.int,120.108.224.250
100,Johan,Falcus,jfalcus2r@mapquest.com,191.120.204.44
101,Terrill,Meiklejohn,tmeiklejohn2s@nih.gov,164.171.213.199
102,Tedra,Danson,tdanson2t@ycombinator.com,150.107.156.118
103,Scarlett,Gersam,sgersam2u@marriott.com,138.169.200.39
104,Adela,Scrancher,ascrancher2v@desdev.cn,37.95.141.57
105,Wendye,Fiander,wfiander2w@paypal.com,6.102.49.121
106,Anstice,Cumesky,acumesky2x@reference.com,89.51.81.40
107,Jerrie,Uphill,juphill2y@umn.edu,1.165.248.211
108,Hermine,Scranny,hscranny2z@google.co.uk,143.183.228.118
109,Fianna,Gail,fgail30@vimeo.com,214.73.51.247
110,Esdras,Colt,ecolt31@nymag.com,180.98.20.30
111,Turner,Frow,tfrow32@foxnews.com,179.198.9.223
112,Maryrose,Lohde,mlohde33@google.nl,92.24.122.164
113,Josi,Wolsey,jwolsey34@blinklist.com,148.38.6.176
114,Clare,De Ath,cdeath35@i2i.jp,119.223.210.68
115,Cosimo,Sympson,csympson36@facebook.com,221.138.135.13
116,Les,Matteuzzi,lmatteuzzi37@altervista.org,101.201.173.222
117,Gunilla,Deviney,gdeviney38@cafepress.com,34.175.24.156
118,Amalle,Scantlebury,ascantlebury39@is.gd,164.25.39.250
119,Edgar,Brellin,ebrellin3a@mapy.cz,181.204.215.67
120,Clayton,Dondon,cdondon3b@boston.com,241.55.7.193
121,Wynne,Elger,welger3c@yellowbook.com,14.33.118.89
122,Glad,Volant,gvolant3d@arstechnica.com,55.252.197.108
123,Dex,Karadzas,dkaradzas3e@dropbox.com,186.254.158.250
124,Pam,Hullyer,phullyer3f@drupal.org,161.96.102.251
125,Napoleon,Guillet,nguillet3g@list-manage.com,117.163.125.58
126,Arlina,Nelthorpe,anelthorpe3h@bloglovin.com,186.50.79.173
127,Berty,Search,bsearch3i@blinklist.com,177.74.89.75
128,Jeni,Pendleton,jpendleton3j@linkedin.com,57.247.129.195
129,Von,Janton,vjanton3k@arizona.edu,86.250.143.102
130,Idalia,Gergolet,igergolet3l@google.pl,125.184.151.78
131,Valene,Tutchell,vtutchell3m@amazon.co.uk,100.90.123.11
132,Price,Stanlake,pstanlake3n@ftc.gov,234.225.86.0
133,Sula,Dillaway,sdillaway3o@irs.gov,229.232.64.167
134,Maurizio,Newiss,mnewiss3p@amazon.de,184.85.191.154
135,Konstanze,Belle,kbelle3q@phpbb.com,208.220.88.173
136,Myrna,Snelgrove,msnelgrove3r@examiner.com,185.24.31.74
137,Peggi,Winnister,pwinnister3s@java.com,208.152.25.46
138,Sybil,Gorrissen,sgorrissen3t@china.com.cn,185.231.166.233
139,Grannie,Clive,gclive3u@posterous.com,204.250.165.38
140,Cly,Creagh,ccreagh3v@scribd.com,122.119.105.201
141,Ranique,Smitheman,rsmitheman3w@cnet.com,36.80.15.103
142,Diann,Skedgell,dskedgell3x@springer.com,34.228.244.200
143,Barrie,Sisson,bsisson3y@yandex.ru,63.249.3.198
144,Granny,Busk,gbusk3z@ox.ac.uk,140.117.197.36
145,Guglielma,McGraith,gmcgraith40@altervista.org,219.182.237.202
146,Derrick,Backhurst,dbackhurst41@hubpages.com,163.180.92.115
147,Lelia,Brogden,lbrogden42@jugem.jp,113.103.133.231
148,Rosaline,Dorro,rdorro43@omniture.com,157.176.68.77
149,Shaylah,Marwick,smarwick44@home.pl,175.119.84.116
150,Maribel,Sieghard,msieghard45@blog.com,76.113.154.40
151,Tessa,Lassells,tlassells46@cnn.com,196.243.57.116
152,Henriette,Southerden,hsoutherden47@miitbeian.gov.cn,173.109.177.148
153,Kanya,Regitz,kregitz48@exblog.jp,97.203.53.92
154,Mattie,Danielsky,mdanielsky49@cpanel.net,75.205.37.65
155,Sarah,Godrich,sgodrich4a@delicious.com,246.233.162.25
156,Teressa,Cleaton,tcleaton4b@a8.net,35.139.132.25
157,Staffard,Sanper,ssanper4c@usa.gov,176.106.12.0
158,Marie-jeanne,Pizzey,mpizzey4d@hp.com,172.158.119.27
159,Claudelle,Heild,cheild4e@hubpages.com,188.116.83.38
160,Gretel,Danaher,gdanaher4f@wiley.com,44.174.49.211
161,Erminie,Saines,esaines4g@i2i.jp,139.43.156.211
162,Chev,Tregaskis,ctregaskis4h@ted.com,253.114.234.128
163,Zaccaria,O'Cooney,zocooney4i@prlog.org,32.159.164.79
164,Jarrett,Winchester,jwinchester4j@booking.com,28.123.229.140
165,Mallory,Lockhart,mlockhart4k@ftc.gov,38.252.65.121
166,Carley,Blunn,cblunn4l@amazon.co.jp,147.67.130.28
167,Abdel,Haggie,ahaggie4m@typepad.com,228.22.15.146
168,Sarene,Jedrachowicz,sjedrachowicz4n@netscape.com,152.121.32.189
169,Donal,Jennens,djennens4o@parallels.com,140.65.95.132
170,Starlin,Norcliffe,snorcliffe4p@bing.com,184.145.105.74
171,Emmet,Ilson,eilson4q@oakley.com,228.234.84.185
172,Stanfield,Kenforth,skenforth4r@nhs.uk,171.120.234.239
173,Judon,Pahl,jpahl4s@geocities.jp,137.11.152.41
174,Hadrian,Harler,hharler4t@jigsy.com,210.238.53.47
175,Veronica,Aasaf,vaasaf4u@va.gov,109.102.20.47
176,Pablo,Steanson,psteanson4v@tuttocitta.it,47.225.147.118
177,Aurthur,McKiddin,amckiddin4w@istockphoto.com,69.69.118.198
178,Cinderella,Hrinchenko,chrinchenko4x@linkedin.com,57.10.99.129
179,Jasmin,Ife,jife4y@joomla.org,152.162.189.237
180,Quintilla,Tawn,qtawn4z@cafepress.com,58.224.160.88
181,Brandea,Berriman,bberriman50@stumbleupon.com,45.167.115.11
182,Kelcey,Spurrior,kspurrior51@sfgate.com,68.144.117.89
183,Valina,O'Keenan,vokeenan52@uiuc.edu,167.55.158.147
184,Felicio,Judgkins,fjudgkins53@bizjournals.com,101.55.205.149
185,Noami,Walles,nwalles54@guardian.co.uk,209.53.185.250
186,Nanny,Lauridsen,nlauridsen55@com.com,93.115.10.28
187,Stuart,Filip,sfilip56@github.com,139.21.57.223
188,Romain,Brock,rbrock57@blogspot.com,233.77.243.10
189,Jennette,Bartrum,jbartrum58@geocities.jp,24.45.191.236
190,Georgette,Dudeney,gdudeney59@psu.edu,223.179.164.72
191,Roxie,Cork,rcork5a@so-net.ne.jp,43.62.11.216
192,Mira,Kilmaster,mkilmaster5b@columbia.edu,80.213.164.116
193,Lucky,Kasher,lkasher5c@netlog.com,212.150.64.253
194,Flossy,Johnstone,fjohnstone5d@latimes.com,179.225.156.75
195,Gasper,Kiossel,gkiossel5e@woothemes.com,3.224.186.233
196,Glynnis,Ferrai,gferrai5f@qq.com,131.79.24.155
197,Ricky,Horick,rhorick5g@ycombinator.com,83.46.226.36
198,Kacy,Feldon,kfeldon5h@1688.com,19.38.218.250
199,Jordan,Cream,jcream5i@reddit.com,235.77.17.36
200,Tadeas,Tucknott,ttucknott5j@cpanel.net,244.139.175.140
201,Hamish,MacDiarmid,hmacdiarmid5k@infoseek.co.jp,127.209.118.245
202,Stanly,Woollhead,swoollhead5l@slashdot.org,60.7.5.172
203,Stephannie,Downe,sdowne5m@t.co,142.190.121.113
204,Sabra,Freda,sfreda5n@hud.gov,87.221.221.90
205,Desmond,Scammell,dscammell5o@spiegel.de,172.116.238.199
206,Tine,Halstead,thalstead5p@bloglovin.com,247.180.248.192
207,Welby,Scandrett,wscandrett5q@desdev.cn,238.17.248.220
208,Cherye,Watman,cwatman5r@washington.edu,122.79.166.145
209,Collete,Bottoner,cbottoner5s@home.pl,160.113.112.130
210,Tiphani,Bartolomeazzi,tbartolomeazzi5t@tiny.cc,0.129.113.240
211,Tiebout,Gratton,tgratton5u@163.com,194.228.103.179
212,Franni,Milvarnie,fmilvarnie5v@irs.gov,240.204.51.53
213,Harbert,Najafian,hnajafian5w@prnewswire.com,187.196.75.99
214,Sheela,Anniwell,sanniwell5x@google.com.hk,12.98.194.113
215,Lillis,Birchall,lbirchall5y@blogspot.com,121.171.198.223
216,Holmes,Corstorphine,hcorstorphine5z@yahoo.com,144.57.15.137
217,Field,Scohier,fscohier60@com.com,224.21.69.202
218,Petronia,Boatswain,pboatswain61@163.com,226.51.112.11
219,Darell,Fortesquieu,dfortesquieu62@nifty.com,24.169.246.169
220,Dave,Langstone,dlangstone63@biblegateway.com,2.1.178.100
221,James,Kiddey,jkiddey64@pen.io,80.117.111.136
222,Casey,Wloch,cwloch65@t.co,29.193.4.166
223,Shelley,Hazeldean,shazeldean66@nytimes.com,177.14.254.26
224,Baird,Leatherland,bleatherland67@facebook.com,250.219.3.64
225,Mareah,Moatt,mmoatt68@paypal.com,33.137.123.217
226,Chaunce,Grimme,cgrimme69@yelp.com,105.175.118.154
227,Sanderson,Jerromes,sjerromes6a@cpanel.net,95.79.100.165
228,Montague,Aaronsohn,maaronsohn6b@tiny.cc,135.167.80.237
229,Zabrina,Rabl,zrabl6c@fc2.com,213.227.133.30
230,Karlik,Lethabridge,klethabridge6d@mac.com,143.116.170.123
231,Bambi,Durston,bdurston6e@msu.edu,220.69.132.3
232,Haily,Viggars,hviggars6f@reddit.com,140.228.21.6
233,Jocko,Mottini,jmottini6g@4shared.com,129.178.125.253
234,Simmonds,O'Moylane,somoylane6h@mapy.cz,105.56.20.116
235,Monah,Radki,mradki6i@wired.com,16.86.73.192
236,Mohandis,Brun,mbrun6j@reference.com,30.183.54.189
237,Tiebout,Whiteman,twhiteman6k@spiegel.de,23.4.147.129
238,Rick,Espadas,respadas6l@google.cn,135.64.126.243
239,Reena,Stoddart,rstoddart6m@wired.com,237.204.37.120
240,Anatol,Fronczak,afronczak6n@foxnews.com,167.97.49.35
241,Eleanore,Helks,ehelks6o@telegraph.co.uk,230.212.34.34
242,Cary,Riordan,criordan6p@furl.net,156.192.232.240
243,Timothea,Fehners,tfehners6q@ftc.gov,20.241.24.28
244,Haze,Mettricke,hmettricke6r@liveinternet.ru,114.33.110.169
245,Wilie,Mangenot,wmangenot6s@sakura.ne.jp,241.21.153.80
246,Ariella,Dewer,adewer6t@dell.com,239.135.210.237
247,Vernen,Alabastar,valabastar6u@icio.us,109.250.28.108
248,Aimee,Lanchester,alanchester6v@goo.gl,79.26.241.171
249,Eduard,Dampier,edampier6w@mozilla.org,57.55.163.192
250,Concordia,Stading,cstading6x@upenn.edu,72.164.110.1
251,Teresa,Langley,tlangley6y@alibaba.com,213.100.40.169
252,Marleah,Heninghem,mheninghem6z@meetup.com,155.57.130.78
253,Simon,Skinley,sskinley70@digg.com,39.94.136.108
254,Griffy,Arson,garson71@mashable.com,71.253.23.18
255,Lammond,Amaya,lamaya72@instagram.com,129.254.171.57
256,Grantham,Hunnybun,ghunnybun73@ifeng.com,173.161.228.6
257,Corie,Wogden,cwogden74@github.com,127.15.228.73
258,Dana,Haworth,dhaworth75@hibu.com,224.75.23.241
259,Dede,Crunkhurn,dcrunkhurn76@drupal.org,35.216.200.49
260,Anna-diane,Lammin,alammin77@shareasale.com,114.134.55.171
261,Frasco,Alam,falam78@gov.uk,197.34.155.197
262,Lissie,Gayther,lgayther79@joomla.org,232.253.52.144
263,Laverne,Lightman,llightman7a@jigsy.com,160.53.48.40
264,Alonso,Shackel,ashackel7b@studiopress.com,20.154.142.250
265,Rani,Aspinal,raspinal7c@zdnet.com,204.222.81.52
266,Guillaume,Gillinghams,ggillinghams7d@gmpg.org,244.250.235.37
267,Morgun,Habens,mhabens7e@g.co,3.70.23.32
268,Jonas,Kirkam,jkirkam7f@newsvine.com,98.26.78.237
269,Orton,Hebblethwaite,ohebblethwaite7g@dot.gov,169.149.224.81
270,Gordy,Campana,gcampana7h@wiley.com,251.81.247.177
271,Bobbie,Younge,byounge7i@soup.io,240.48.55.171
272,Ely,Colleck,ecolleck7j@va.gov,72.198.24.120
273,Arel,Haack,ahaack7k@amazon.de,190.243.118.136
274,Alyss,Feldmesser,afeldmesser7l@deviantart.com,110.143.203.158
275,Maegan,McKeag,mmckeag7m@instagram.com,14.159.41.66
276,Dev,Oades,doades7n@abc.net.au,49.50.120.46
277,Gerti,Heintze,gheintze7o@yale.edu,50.78.109.199
278,Gwen,Burnett,gburnett7p@hostgator.com,130.249.232.42
279,Dugald,Rudinger,drudinger7q@instagram.com,29.10.218.137
280,Dillon,Shorie,dshorie7r@123-reg.co.uk,5.21.156.55
281,Antonina,Ashford,aashford7s@squarespace.com,211.35.185.97
282,Paloma,Menichino,pmenichino7t@dmoz.org,31.65.45.194
283,Raquel,Taggart,rtaggart7u@privacy.gov.au,81.214.122.61
284,Rich,Loch,rloch7v@addtoany.com,227.88.254.131
285,Marsiella,Butterly,mbutterly7w@goo.gl,169.203.192.83
286,John,Winch,jwinch7x@fda.gov,169.158.100.0
287,Clo,Batham,cbatham7y@about.me,40.58.107.33
288,Becca,Pursehouse,bpursehouse7z@nasa.gov,81.224.134.144
289,Frasquito,Cowap,fcowap80@bbb.org,219.240.42.101
290,Estelle,Banville,ebanville81@etsy.com,146.105.209.67
291,Dareen,Karle,dkarle82@live.com,158.159.31.150
292,Clemence,Detheridge,cdetheridge83@dedecms.com,50.163.193.63
293,Madalena,Clute,mclute84@google.cn,250.136.205.42
294,Tine,Sikorski,tsikorski85@soundcloud.com,62.86.81.171
295,Anton,Bagwell,abagwell86@china.com.cn,238.88.32.143
296,Tucker,Ellin,tellin87@economist.com,165.159.71.144
297,Wendie,Barwise,wbarwise88@mayoclinic.com,88.92.104.191
298,Tallou,Yakebovitch,tyakebovitch89@bandcamp.com,99.114.35.227
299,Estel,Ornils,eornils8a@sina.com.cn,43.172.155.83
300,Yvor,Purdie,ypurdie8b@exblog.jp,178.213.13.8
301,Michele,Havercroft,mhavercroft8c@e-recht24.de,147.61.133.3
302,Bertina,Keywood,bkeywood8d@gizmodo.com,72.94.38.101
303,Gawen,Kitcat,gkitcat8e@booking.com,53.71.19.53
304,Donelle,Randales,drandales8f@netscape.com,48.85.63.215
305,Shaun,Findlater,sfindlater8g@gnu.org,90.45.240.135
306,Prentice,Dradey,pdradey8h@squidoo.com,89.211.164.235
307,Mariya,Sturzaker,msturzaker8i@naver.com,106.32.240.225
308,Francyne,Kobes,fkobes8j@last.fm,26.223.217.68
309,Pablo,Hankinson,phankinson8k@hubpages.com,2.205.173.210
310,Toby,Mix,tmix8l@ezinearticles.com,226.74.203.35
311,Ervin,Peschet,epeschet8m@163.com,135.114.158.113
312,Alix,Blaksland,ablaksland8n@ted.com,203.47.11.234
313,Sergent,McWaters,smcwaters8o@salon.com,16.76.120.141
314,Darb,Froude,dfroude8p@unesco.org,116.128.159.9
315,Ericka,Jirusek,ejirusek8q@marriott.com,117.103.189.206
316,Orel,Leydon,oleydon8r@cargocollective.com,252.153.97.56
317,Norene,Gauge,ngauge8s@addthis.com,183.36.98.246
318,Nicko,Halfhead,nhalfhead8t@buzzfeed.com,131.233.159.19
319,Derrek,Myrie,dmyrie8u@gizmodo.com,104.39.145.203
320,Monroe,Fullagar,mfullagar8v@instagram.com,252.182.45.138
321,Alameda,Seager,aseager8w@nyu.edu,240.192.26.208
322,Madelina,Trineman,mtrineman8x@pen.io,64.216.180.143
323,Normie,Tye,ntye8y@google.cn,236.83.96.254
324,Liva,Argent,largent8z@blinklist.com,7.105.215.196
325,Stephanie,Carles,scarles90@google.fr,255.58.135.49
326,Gregor,Maylor,gmaylor91@usatoday.com,117.175.186.53
327,Hallsy,Patis,hpatis92@nydailynews.com,180.208.105.40
328,Franz,Druitt,fdruitt93@ow.ly,177.187.158.108
329,Konstanze,Dowdell,kdowdell94@amazon.de,47.200.234.242
330,Brion,Hincks,bhincks95@miibeian.gov.cn,87.98.210.166
331,Ethelin,Darbon,edarbon96@rediff.com,184.113.164.0
332,Dimitri,Jansik,djansik97@blogspot.com,43.86.51.142
333,Nico,Gravet,ngravet98@instagram.com,123.232.126.246
334,Caressa,Berrow,cberrow99@pen.io,56.152.238.17
335,Berke,Keller,bkeller9a@nifty.com,221.228.69.68
336,Kaela,Combe,kcombe9b@pinterest.com,249.96.71.93
337,Mychal,Verman,mverman9c@kickstarter.com,214.221.76.117
338,Cathrine,Dougal,cdougal9d@delicious.com,51.196.75.132
339,Birdie,Mewes,bmewes9e@europa.eu,66.228.166.94
340,Mickie,Langfat,mlangfat9f@go.com,205.49.5.20
341,Jessie,Blount,jblount9g@bing.com,229.200.172.82
342,Balduin,McKleod,bmckleod9h@theguardian.com,33.3.141.1
343,Ninnette,Dillintone,ndillintone9i@gizmodo.com,56.122.218.123
344,Ashla,Prydie,aprydie9j@cocolog-nifty.com,160.77.184.106
345,Bordie,Earp,bearp9k@ustream.tv,98.26.21.210
346,Elmer,Grishkov,egrishkov9l@weibo.com,194.118.102.70
347,Elaine,Bolf,ebolf9m@nydailynews.com,255.6.16.176
348,Hy,O'Noulane,honoulane9n@yahoo.com,235.202.113.238
349,Rubina,Renvoise,rrenvoise9o@whitehouse.gov,72.79.89.58
350,Boigie,Stackbridge,bstackbridge9p@businesswire.com,181.196.144.132
351,Tiertza,Vasyanin,tvasyanin9q@weather.com,164.113.196.204
352,Perry,Presho,ppresho9r@joomla.org,73.253.147.49
353,Tildie,Pursehouse,tpursehouse9s@cbsnews.com,207.21.77.177
354,Marne,McKinstry,mmckinstry9t@howstuffworks.com,12.178.210.219
355,Deborah,Collar,dcollar9u@dion.ne.jp,204.234.245.175
356,Ludovico,Jeayes,ljeayes9v@hibu.com,45.224.121.163
357,Nero,Poe,npoe9w@jugem.jp,110.249.151.106
358,Gregorius,Pietasch,gpietasch9x@exblog.jp,171.178.179.247
359,Edita,Sandercroft,esandercroft9y@mozilla.com,88.160.108.29
360,Orrin,Balducci,obalducci9z@paginegialle.it,37.68.197.109
361,Mellicent,Kaysor,mkaysora0@google.co.jp,56.245.86.225
362,Ernestine,Bozward,ebozwarda1@tripadvisor.com,86.149.254.199
363,Coleman,Chaperling,cchaperlinga2@tiny.cc,158.65.97.159
364,Glenna,Clausen,gclausena3@mapy.cz,26.11.176.124
365,Christy,Vermer,cvermera4@unicef.org,236.189.120.130
366,Sasha,Chansonne,schansonnea5@printfriendly.com,132.1.186.150
367,Orren,Musterd,omusterda6@springer.com,27.58.141.134
368,Karlene,England,kenglanda7@slideshare.net,25.62.191.56
369,Christan,Coule,ccoulea8@wordpress.com,155.158.108.211
370,Parker,Krammer,pkrammera9@mtv.com,197.64.8.215
371,Sloane,McCafferky,smccafferkyaa@feedburner.com,233.34.79.241
372,Naoma,Ellph,nellphab@wikipedia.org,113.169.129.44
373,Sadie,Claypoole,sclaypooleac@jigsy.com,191.93.32.222
374,Tannie,Clemmow,tclemmowad@a8.net,197.214.32.31
375,Leese,Bown,lbownae@skype.com,2.140.60.84
376,Emmalynne,Pantecost,epantecostaf@disqus.com,164.30.216.46
377,Evanne,Seamarke,eseamarkeag@sitemeter.com,217.16.167.94
378,Damon,Frome,dfromeah@cafepress.com,72.66.207.255
379,Kathlin,Astman,kastmanai@netvibes.com,183.195.184.87
380,Claribel,Ledrane,cledraneaj@businessinsider.com,191.38.127.130
381,Ardyce,Jenney,ajenneyak@linkedin.com,107.180.28.222
382,Brooke,Brave,bbraveal@ycombinator.com,29.100.67.115
383,Melinda,Kuschel,mkuschelam@tamu.edu,244.8.31.87
384,Gianni,Callaway,gcallawayan@mac.com,238.35.181.104
385,Melanie,Ludman,mludmanao@phpbb.com,56.95.76.207
386,Marilee,Piddick,mpiddickap@bluehost.com,198.147.115.102
387,Lisle,Eakens,leakensaq@wp.com,25.128.208.169
388,Willie,Lindholm,wlindholmar@indiegogo.com,158.101.56.12
389,Tommie,McLugaish,tmclugaishas@who.int,163.48.163.1
390,Anitra,Agron,aagronat@timesonline.co.uk,182.191.118.164
391,Aindrea,Philipp,aphilippau@walmart.com,197.151.240.77
392,King,Wattisham,kwattishamav@opera.com,186.98.156.123
393,Hyacintha,Danilowicz,hdanilowiczaw@devhub.com,200.117.97.180
394,Britt,Kenderdine,bkenderdineax@unc.edu,118.159.87.173
395,Vivie,Matthensen,vmatthensenay@bloglovin.com,81.78.46.107
396,Davis,McDugal,dmcdugalaz@livejournal.com,99.144.139.140
397,Byram,Joice,bjoiceb0@springer.com,103.234.218.180
398,Decca,Hessel,dhesselb1@yale.edu,107.175.101.105
399,Haydon,Glidder,hglidderb2@fastcompany.com,8.78.152.255
400,Niccolo,Lambol,nlambolb3@jigsy.com,37.229.25.148
401,Antonetta,Minet,aminetb4@shinystat.com,144.133.113.220
402,Ronnica,Dunsmore,rdunsmoreb5@nytimes.com,188.157.160.235
403,Boy,McKissack,bmckissackb6@sciencedirect.com,123.52.11.171
404,Brita,Girling,bgirlingb7@cnbc.com,188.39.217.50
405,Martynne,Weson,mwesonb8@census.gov,143.179.42.244
406,Ara,Habbijam,ahabbijamb9@ow.ly,193.214.50.135
407,Darice,Presser,dpresserba@meetup.com,155.124.107.227
408,Lesya,Dillistone,ldillistonebb@comsenz.com,47.163.239.19
409,Valentine,Mallion,vmallionbc@dedecms.com,244.135.15.33
410,Rosalie,Paulich,rpaulichbd@nbcnews.com,55.31.116.151
411,Colver,Midlane,cmidlanebe@tripod.com,49.145.224.122
412,Adeline,Bedboro,abedborobf@sourceforge.net,44.220.109.33
413,Paolina,Peacop,ppeacopbg@army.mil,6.77.75.194
414,Henrie,Raymond,hraymondbh@edublogs.org,145.62.86.32
415,Hulda,Forlonge,hforlongebi@bandcamp.com,155.174.9.212
416,Eduino,Grogono,egrogonobj@google.nl,199.54.63.210
417,Evelyn,Franzonello,efranzonellobk@feedburner.com,221.68.177.140
418,Angel,La Croce,alacrocebl@dmoz.org,34.232.21.8
419,Donalt,Frawley,dfrawleybm@nifty.com,203.250.94.75
420,Garvey,D'Adamo,gdadamobn@globo.com,57.81.128.64
421,Leanor,Westmarland,lwestmarlandbo@samsung.com,167.12.9.101
422,Freddy,Pauly,fpaulybp@etsy.com,23.19.110.248
423,Alwin,Kelling,akellingbq@bbb.org,203.79.60.137
424,Alejoa,Burnell,aburnellbr@who.int,249.32.251.193
425,Belinda,Timmes,btimmesbs@storify.com,77.5.56.58
426,Sofia,Bemlott,sbemlottbt@blogs.com,123.211.128.151
427,Lowe,Frichley,lfrichleybu@bing.com,101.38.142.104
428,Jarret,Staden,jstadenbv@usnews.com,240.178.188.89
429,Rowney,Lorait,rloraitbw@newsvine.com,194.81.151.244
430,Nataniel,Yitzhakov,nyitzhakovbx@techcrunch.com,127.43.198.124
431,Regen,Widmore,rwidmoreby@usgs.gov,19.159.89.99
432,Wynn,Dixson,wdixsonbz@gizmodo.com,133.152.181.162
433,Levey,Croyden,lcroydenc0@miitbeian.gov.cn,81.75.194.11
434,Cary,Biggerdike,cbiggerdikec1@surveymonkey.com,200.213.41.158
435,Tallie,Joncic,tjoncicc2@stumbleupon.com,63.49.112.189
436,Allard,Grewes,agrewesc3@hc360.com,36.107.69.53
437,Salaidh,Pace,spacec4@answers.com,82.214.245.147
438,Hersh,Janicek,hjanicekc5@digg.com,151.191.45.192
439,Tabina,Drain,tdrainc6@123-reg.co.uk,179.118.192.133
440,Maddy,Beadon,mbeadonc7@scribd.com,195.96.221.104
441,Bird,Harniman,bharnimanc8@issuu.com,241.149.197.200
442,Pedro,Mochar,pmocharc9@ibm.com,168.170.146.168
443,Maribel,Stourton,mstourtonca@icio.us,188.112.68.222
444,Locke,Singers,lsingerscb@java.com,216.48.119.167
445,Cristionna,Crummy,ccrummycc@upenn.edu,119.111.108.157
446,Horatius,Lyptrit,hlyptritcd@samsung.com,122.196.26.150
447,Reynard,Gladebeck,rgladebeckce@typepad.com,133.151.54.250
448,Ula,Bendan,ubendancf@xrea.com,112.239.154.216
449,Robinia,MacBrearty,rmacbreartycg@google.co.uk,169.68.190.13
450,Christoph,McQuilkin,cmcquilkinch@rakuten.co.jp,64.72.150.255
451,Charlotte,De Bruyne,cdebruyneci@biblegateway.com,189.0.73.135
452,Stillmann,Schmuhl,sschmuhlcj@miitbeian.gov.cn,240.72.142.26
453,Curt,Longfoot,clongfootck@baidu.com,240.212.99.19
454,Jesselyn,Moine,jmoinecl@cpanel.net,57.206.13.231
455,Chelsea,Snaddin,csnaddincm@cisco.com,108.54.132.42
456,Griffin,Coutthart,gcoutthartcn@netlog.com,227.170.189.154
457,Brina,Wooler,bwoolerco@berkeley.edu,124.155.153.116
458,Angy,Syce,asycecp@usgs.gov,71.191.185.98
459,Venita,Dodds,vdoddscq@blogspot.com,12.33.48.164
460,Gerrard,Lakeland,glakelandcr@un.org,203.44.219.231
461,Luise,McCarrell,lmccarrellcs@cbsnews.com,148.113.188.189
462,Jourdan,Goodayle,jgoodaylect@pagesperso-orange.fr,130.153.162.5
463,Bonni,Hizir,bhizircu@harvard.edu,28.164.38.242
464,Renaldo,Greatrex,rgreatrexcv@1688.com,90.128.26.155
465,Elvera,Guirard,eguirardcw@ed.gov,178.56.35.221
466,Felicia,Hegdonne,fhegdonnecx@jimdo.com,116.243.124.22
467,Antin,Bohlsen,abohlsency@state.gov,71.15.28.95
468,Tomas,Painten,tpaintencz@blogtalkradio.com,27.189.141.113
469,Tibold,Sidlow,tsidlowd0@stumbleupon.com,167.66.90.165
470,Moyra,Rowling,mrowlingd1@deviantart.com,92.46.102.253
471,Pattie,Gatheridge,pgatheridged2@sohu.com,229.163.175.107
472,Patrice,Tubridy,ptubridyd3@prweb.com,39.107.163.137
473,Neils,Dumbarton,ndumbartond4@discovery.com,249.178.3.196
474,Jamie,Pechard,jpechardd5@hao123.com,165.104.28.172
475,Daphne,Abys,dabysd6@about.me,46.211.143.224
476,Tracie,Mealing,tmealingd7@canalblog.com,60.199.202.68
477,Rochette,MacIllrick,rmacillrickd8@tripod.com,213.203.12.72
478,Mahala,Deeth,mdeethd9@google.de,147.76.39.152
479,Caritta,Pleavin,cpleavinda@sourceforge.net,24.48.150.5
480,Odelia,Keems,okeemsdb@angelfire.com,164.186.101.61
481,Caryn,Ellis,cellisdc@blogtalkradio.com,123.56.129.172
482,Issiah,Petegre,ipetegredd@toplist.cz,201.52.247.21
483,Wit,Scouler,wscoulerde@purevolume.com,116.146.104.15
484,Jard,Dorber,jdorberdf@simplemachines.org,223.186.27.74
485,Lavena,Gilyott,lgilyottdg@tripadvisor.com,99.142.86.186
486,Pepillo,Wherrett,pwherrettdh@vinaora.com,190.147.175.116
487,Butch,Lamba,blambadi@wp.com,98.99.102.208
488,Pearla,Bonnett,pbonnettdj@google.de,217.211.247.209
489,Arnaldo,Catcherside,acatchersidedk@hatena.ne.jp,35.172.113.155
490,Stephana,Brewood,sbrewooddl@cornell.edu,27.81.70.61
491,Kirsteni,Olek,kolekdm@cocolog-nifty.com,38.58.250.152
492,Carla,D'Elias,cdeliasdn@latimes.com,230.57.90.61
493,Domini,Capron,dcaprondo@etsy.com,41.227.164.74
494,Crysta,Chominski,cchominskidp@admin.ch,44.45.43.139
495,Nancey,Tapsell,ntapselldq@nhs.uk,83.182.1.51
496,Darrin,Pogosian,dpogosiandr@pagesperso-orange.fr,232.65.137.50
497,Reyna,Cromarty,rcromartyds@addthis.com,237.135.94.21
498,Carr,Saltmarshe,csaltmarshedt@zimbio.com,229.249.82.78
499,Tommie,Grzesiak,tgrzesiakdu@npr.org,93.219.108.102
500,Corette,Chessill,cchessilldv@who.int,8.167.65.117
501,Bryn,Scotchbourouge,bscotchbourougedw@usgs.gov,119.47.105.165
502,Lezlie,Danby,ldanbydx@sitemeter.com,253.34.199.141
503,Abbot,Caruth,acaruthdy@businesswire.com,233.75.162.72
504,Janean,Breslin,jbreslindz@gizmodo.com,190.115.107.74
505,Troy,Vipan,tvipane0@psu.edu,217.151.110.196
506,Vachel,Plascott,vplascotte1@instagram.com,68.166.166.79
507,Milty,Procter,mproctere2@admin.ch,8.253.177.137
508,Gwenneth,Fitton,gfittone3@cloudflare.com,118.151.89.44
509,Shirleen,Extill,sextille4@skype.com,48.29.205.121
510,Jess,Srawley,jsrawleye5@sphinn.com,230.224.161.121
511,Peirce,Vallerine,pvallerinee6@fda.gov,54.252.48.104
512,Cecilia,Templar,ctemplare7@tinyurl.com,252.233.35.110
513,Alessandra,Tellesson,atellessone8@army.mil,4.65.4.131
514,Karlyn,Stockbridge,kstockbridgee9@mac.com,143.70.109.99
515,Dolf,MacMenamy,dmacmenamyea@studiopress.com,109.173.29.193
516,Jaimie,MacKibbon,jmackibboneb@e-recht24.de,8.226.208.169
517,Shelbi,Moles,smolesec@ehow.com,236.77.49.137
518,Alida,Meo,ameoed@salon.com,2.40.204.47
519,Meara,McDell,mmcdellee@twitpic.com,47.107.71.109
520,Forrester,Smolan,fsmolanef@cloudflare.com,234.112.220.119
521,Kalindi,Stampfer,kstampfereg@altervista.org,107.26.154.247
522,Onofredo,Bewley,obewleyeh@zimbio.com,115.81.211.57
523,Morris,Minico,mminicoei@istockphoto.com,159.249.54.126
524,Chan,Ladbrooke,cladbrookeej@nationalgeographic.com,0.247.198.203
525,Maribel,Risebarer,mrisebarerek@sitemeter.com,160.76.38.13
526,Tarrah,Biddell,tbiddellel@a8.net,157.12.33.72
527,Janeczka,Johnson,jjohnsonem@myspace.com,169.236.173.9
528,Jennilee,Bramhill,jbramhillen@multiply.com,71.46.86.50
529,Peria,Gomersall,pgomersalleo@ihg.com,182.37.149.214
530,Clair,McManamon,cmcmanamonep@smh.com.au,189.188.136.124
531,Frank,Wyant,fwyanteq@phpbb.com,142.107.243.29
532,Wini,Sesser,wsesserer@yellowpages.com,213.80.228.219
533,Ewan,todor,etodores@behance.net,85.8.47.113
534,Monique,Beamish,mbeamishet@jalbum.net,221.174.4.2
535,Leopold,Kubala,lkubalaeu@jalbum.net,74.37.35.139
536,Thaxter,Fairey,tfaireyev@t.co,87.54.6.27
537,Norris,Tromans,ntromansew@tmall.com,161.81.51.54
538,Correy,Lamdin,clamdinex@wordpress.org,131.229.225.117
539,Birgitta,Sabberton,bsabbertoney@amazonaws.com,149.161.79.38
540,Harrison,Shillingford,hshillingfordez@utexas.edu,64.78.43.210
541,Bernardina,Joyson,bjoysonf0@yandex.ru,245.60.200.222
542,Christa,Menure,cmenuref1@spiegel.de,69.119.221.48
543,Salli,Piatkow,spiatkowf2@tinyurl.com,194.11.200.121
544,Weider,Abells,wabellsf3@house.gov,142.122.190.119
545,Allyn,Capper,acapperf4@youtu.be,127.107.171.193
546,Lanie,Humbell,lhumbellf5@slashdot.org,141.192.9.58
547,Dana,Menear,dmenearf6@mashable.com,221.143.204.131
548,Orelle,Steutly,osteutlyf7@google.com,85.7.93.172
549,Cletis,Doll,cdollf8@hp.com,101.208.227.117
550,Valene,Alyoshin,valyoshinf9@java.com,70.213.217.204
551,Roxane,Batters,rbattersfa@constantcontact.com,79.25.22.131
552,Kleon,Piatti,kpiattifb@marketwatch.com,227.150.170.52
553,Lorelle,Smowton,lsmowtonfc@wired.com,12.250.188.41
554,Maiga,Pummery,mpummeryfd@howstuffworks.com,183.105.194.21
555,Buddy,Bettesworth,bbettesworthfe@macromedia.com,98.60.81.45
556,Ally,Fellows,afellowsff@prlog.org,247.47.210.212
557,Baillie,Van Der Weedenburg,bvanderweedenburgfg@tinyurl.com,152.193.92.194
558,Hetti,Rosenqvist,hrosenqvistfh@vistaprint.com,86.50.154.168
559,Donall,Franzonetti,dfranzonettifi@myspace.com,111.224.140.159
560,Minny,Preston,mprestonfj@cbsnews.com,167.169.130.151
561,Chase,Soots,csootsfk@rediff.com,28.51.200.7
562,Donal,Pinckard,dpinckardfl@jalbum.net,175.69.25.27
563,Massimo,Gore,mgorefm@posterous.com,228.128.67.41
564,Berty,Lathleiff,blathleifffn@artisteer.com,131.216.245.105
565,Jorrie,Pill,jpillfo@ehow.com,180.8.111.174
566,Missy,Joannet,mjoannetfp@smh.com.au,86.179.225.8
567,Lamond,Gergolet,lgergoletfq@yelp.com,221.102.233.245
568,Arleta,Lille,alillefr@unicef.org,55.107.213.238
569,Matthieu,Dunkerley,mdunkerleyfs@biblegateway.com,238.36.81.207
570,Roseanna,Lardiner,rlardinerft@goo.gl,91.48.121.30
571,Kalinda,Patershall,kpatershallfu@tripadvisor.com,250.123.97.59
572,Kellby,Brisland,kbrislandfv@stumbleupon.com,84.72.177.205
573,Ella,Treweela,etreweelafw@macromedia.com,199.45.127.87
574,Darelle,Deniskevich,ddeniskevichfx@topsy.com,0.159.29.254
575,Klemens,Ivanishin,kivanishinfy@earthlink.net,255.31.144.118
576,Iain,McCallam,imccallamfz@miibeian.gov.cn,153.92.19.226
577,Orelia,Allbon,oallbong0@cloudflare.com,197.115.231.187
578,Randell,McChruiter,rmcchruiterg1@mysql.com,111.179.127.251
579,Quintana,Lamartine,qlamartineg2@google.pl,226.128.146.225
580,Sibilla,Coxon,scoxong3@360.cn,180.108.3.155
581,Ruben,Rivel,rrivelg4@soundcloud.com,109.248.55.78
582,Loren,Greenin,lgreening5@xrea.com,115.180.15.173
583,Kenny,Malser,kmalserg6@infoseek.co.jp,106.180.73.190
584,Loise,Bahde,lbahdeg7@barnesandnoble.com,216.140.195.72
585,Gregor,Humber,ghumberg8@ebay.com,96.48.36.12
586,Fallon,Ismay,fismayg9@163.com,247.17.201.127
587,Mitchel,Jump,mjumpga@spotify.com,212.84.130.98
588,Domini,Lascell,dlascellgb@un.org,96.13.123.88
589,Ellary,Reimer,ereimergc@123-reg.co.uk,99.151.148.163
590,Bernarr,Petrillo,bpetrillogd@twitter.com,194.47.18.195
591,Jobi,Reddel,jreddelge@howstuffworks.com,56.165.212.84
592,Joletta,Conyer,jconyergf@xrea.com,90.196.174.213
593,Richmond,Schroder,rschrodergg@icio.us,153.42.36.148
594,Tabitha,Attwell,tattwellgh@slashdot.org,12.167.133.249
595,Oberon,Nolder,onoldergi@ucla.edu,21.157.213.178
596,Friedrich,Gittoes,fgittoesgj@1und1.de,65.20.185.248
597,Darcy,Kelshaw,dkelshawgk@tamu.edu,197.223.177.229
598,Mariya,Struthers,mstruthersgl@4shared.com,254.130.166.53
599,Hinda,Whilde,hwhildegm@amazon.co.jp,221.22.252.200
600,Cindra,Shapcote,cshapcotegn@mayoclinic.com,212.76.14.171
601,Alysa,Gahagan,agahagango@admin.ch,111.73.188.73
602,Nobie,Nazareth,nnazarethgp@is.gd,21.97.210.178
603,Codi,Bednell,cbednellgq@networksolutions.com,97.239.33.93
604,Vinny,Faull,vfaullgr@live.com,66.142.126.18
605,Aubrette,Kinsett,akinsettgs@biblegateway.com,102.16.57.83
606,Kenon,Wych,kwychgt@omniture.com,84.187.63.148
607,Myrilla,Jiran,mjirangu@mit.edu,22.64.63.158
608,Nariko,Chung,nchunggv@imgur.com,45.162.156.38
609,Delinda,Ceeley,dceeleygw@istockphoto.com,128.143.206.245
610,Torre,Koeppke,tkoeppkegx@newsvine.com,171.245.148.207
611,Fonz,Morrish,fmorrishgy@usatoday.com,38.38.27.119
612,Hatty,Bengoechea,hbengoecheagz@google.com.au,231.232.149.89
613,Gerardo,Dinan,gdinanh0@wisc.edu,103.220.66.97
614,Evey,Bonny,ebonnyh1@scientificamerican.com,78.201.217.221
615,Aurea,Myrtle,amyrtleh2@linkedin.com,182.132.41.252
616,Opalina,Guarnier,oguarnierh3@ameblo.jp,149.145.88.226
617,Kaspar,Elphey,kelpheyh4@microsoft.com,183.81.164.35
618,Ariana,Davall,adavallh5@csmonitor.com,36.117.127.16
619,Queenie,Going,qgoingh6@acquirethisname.com,221.139.49.112
620,Consalve,Buzza,cbuzzah7@npr.org,229.140.10.60
621,Basilio,Sturridge,bsturridgeh8@amazon.com,113.240.216.251
622,Stanislaus,Gowdie,sgowdieh9@mac.com,61.148.126.252
623,Prince,Lyes,plyesha@skyrock.com,135.0.53.8
624,Lottie,Hynam,lhynamhb@indiegogo.com,199.181.147.196
625,Cindie,Bourget,cbourgethc@disqus.com,117.198.121.44
626,Kermie,Phizakarley,kphizakarleyhd@weebly.com,141.239.245.157
627,Clo,Gough,cgoughhe@admin.ch,115.157.199.160
628,Kally,Sorley,ksorleyhf@princeton.edu,227.72.166.3
629,Abeu,Murty,amurtyhg@cmu.edu,221.26.97.116
630,Immanuel,Smitheman,ismithemanhh@digg.com,184.242.203.178
631,Teddy,Hughes,thugheshi@people.com.cn,91.195.230.226
632,Ase,Palliser,apalliserhj@alexa.com,129.247.110.198
633,Bobbe,Wilbud,bwilbudhk@posterous.com,35.214.45.86
634,Lotte,Berard,lberardhl@ftc.gov,124.124.151.255
635,Francklyn,Catteroll,fcatterollhm@edublogs.org,172.113.225.254
636,Dacie,Hymor,dhymorhn@home.pl,108.157.53.59
637,Lay,Seston,lsestonho@theatlantic.com,163.197.255.182
638,Derk,Petrowsky,dpetrowskyhp@soundcloud.com,132.229.234.157
639,Burton,Conrad,bconradhq@paginegialle.it,63.140.28.5
640,Bobinette,Cavanagh,bcavanaghhr@bloglovin.com,113.167.201.189
641,Jaquelin,Cinavas,jcinavashs@hc360.com,47.206.212.14
642,Livia,Gullen,lgullenht@java.com,57.21.53.83
643,Cassy,Popley,cpopleyhu@wired.com,132.141.110.120
644,Tab,Heenan,theenanhv@fotki.com,109.55.83.196
645,Kissee,Phear,kphearhw@spiegel.de,251.250.205.185
646,Merline,Lorait,mloraithx@prnewswire.com,149.196.151.245
647,Reinhard,Tristram,rtristramhy@mail.ru,2.201.155.57
648,Andra,Caulton,acaultonhz@comcast.net,51.63.74.104
649,Cyb,Ulster,culsteri0@cisco.com,119.249.39.186
650,Rubetta,Lorenzetto,rlorenzettoi1@house.gov,75.166.35.21
651,Alano,Cockton,acocktoni2@psu.edu,219.243.17.227
652,Bail,Longfut,blongfuti3@ucoz.com,209.254.229.42
653,Engelbert,Strethill,estrethilli4@4shared.com,6.8.48.3
654,Georgia,Lucien,glucieni5@livejournal.com,27.231.43.218
655,Donna,Wintour,dwintouri6@t-online.de,218.7.151.250
656,Giorgio,Rembaud,grembaudi7@bizjournals.com,34.48.107.193
657,Darleen,Lambart,dlambarti8@list-manage.com,83.80.189.65
658,Amie,Heinig,aheinigi9@apache.org,40.92.65.40
659,Tabbitha,Pedroni,tpedroniia@google.de,124.143.49.130
660,Pancho,Lynett,plynettib@huffingtonpost.com,242.53.126.116
661,Cesare,Bayle,cbayleic@jigsy.com,114.201.126.209
662,Tamra,Forson,tforsonid@home.pl,100.63.187.249
663,Willi,Goroni,wgoroniie@irs.gov,248.3.69.185
664,Maureen,Landsberg,mlandsbergif@umich.edu,133.232.145.133
665,Rupert,Menichelli,rmenichelliig@moonfruit.com,225.34.234.184
666,Cassy,Yeowell,cyeowellih@scribd.com,6.31.225.80
667,Lexie,Strelitzer,lstrelitzerii@cargocollective.com,126.45.141.82
668,Evangelin,Philippon,ephilipponij@ft.com,33.64.85.87
669,Raven,Gjerde,rgjerdeik@flickr.com,43.218.50.15
670,Fara,Pashby,fpashbyil@wiley.com,33.96.148.156
671,Halie,Morling,hmorlingim@disqus.com,0.105.110.160
672,Aldridge,Larkin,alarkinin@taobao.com,102.166.33.141
673,Carlin,Heball,cheballio@unc.edu,92.129.3.216
674,Devland,Cortese,dcorteseip@whitehouse.gov,196.196.214.214
675,Brianna,Kobierzycki,bkobierzyckiiq@marketwatch.com,180.181.55.60
676,Filbert,Gariff,fgariffir@npr.org,145.251.218.6
677,Penrod,Sheasby,psheasbyis@springer.com,95.77.120.11
678,Halette,Mather,hmatherit@ebay.com,123.231.101.92
679,Shaun,Schindler,sschindleriu@de.vu,59.180.48.43
680,Miriam,Lassells,mlassellsiv@altervista.org,145.51.232.104
681,Lorri,Fryer,lfryeriw@tripod.com,5.205.205.253
682,Prisca,Wintersgill,pwintersgillix@a8.net,125.137.48.240
683,Peria,Ollcott,pollcottiy@illinois.edu,97.253.120.94
684,Staford,Emlen,semleniz@g.co,237.191.164.237
685,Damian,Elmhurst,delmhurstj0@gov.uk,244.58.81.249
686,Isaac,Way,iwayj1@xing.com,130.82.34.145
687,Elisa,Aldous,ealdousj2@digg.com,42.241.200.212
688,Modestia,Schule,mschulej3@wisc.edu,84.248.159.188
689,Hamish,Grubb,hgrubbj4@redcross.org,79.65.153.94
690,Concettina,Tuckett,ctuckettj5@state.gov,35.217.215.104
691,Dietrich,Monro,dmonroj6@home.pl,195.195.176.110
692,Ingaborg,Beatty,ibeattyj7@dion.ne.jp,158.37.81.250
693,Abby,Wasmer,awasmerj8@com.com,143.23.77.182
694,Joya,Bremner,jbremnerj9@ox.ac.uk,201.72.144.41
695,Orelia,Jakubovitch,ojakubovitchja@pbs.org,153.244.240.175
696,Lorena,Cockin,lcockinjb@wufoo.com,176.85.140.189
697,Kinny,Yuryatin,kyuryatinjc@flavors.me,90.155.131.255
698,Lizzie,Greson,lgresonjd@instagram.com,113.23.128.49
699,Lavena,Pavlov,lpavlovje@nps.gov,191.94.216.25
700,Angelita,Rackley,arackleyjf@npr.org,48.2.199.160
701,Tades,Hulburt,thulburtjg@google.nl,90.77.159.143
702,Adrianna,Adicot,aadicotjh@geocities.jp,122.85.226.251
703,Cheri,Waldram,cwaldramji@oaic.gov.au,154.226.170.154
704,Suzann,Barns,sbarnsjj@dell.com,160.2.206.99
705,Neila,Feighry,nfeighryjk@symantec.com,132.114.66.35
706,Artemas,Perrin,aperrinjl@xing.com,109.83.6.163
707,Sutton,Son,ssonjm@github.io,98.42.134.250
708,Tina,Mansbridge,tmansbridgejn@naver.com,231.97.94.185
709,Morlee,Gallego,mgallegojo@reddit.com,131.38.240.193
710,Ranique,Cahen,rcahenjp@spotify.com,97.172.106.51
711,Pamella,Wiggin,pwigginjq@flickr.com,245.83.122.218
712,Jim,Eighteen,jeighteenjr@usnews.com,208.169.111.141
713,Alvis,Callender,acallenderjs@live.com,2.241.154.39
714,Marlena,Wholesworth,mwholesworthjt@thetimes.co.uk,247.109.108.165
715,Grier,Iveagh,giveaghju@hexun.com,22.18.223.153
716,Bronson,Addington,baddingtonjv@latimes.com,181.6.121.72
717,Arny,Pinnington,apinningtonjw@ow.ly,181.203.96.67
718,Ilsa,Perkinson,iperkinsonjx@eventbrite.com,60.44.28.177
719,Michel,Keynd,mkeyndjy@myspace.com,161.226.137.234
720,Timothea,Goundry,tgoundryjz@oakley.com,232.116.144.113
721,Marcel,Winfrey,mwinfreyk0@spotify.com,105.210.31.255
722,David,Kendell,dkendellk1@constantcontact.com,13.254.215.70
723,Tiebold,Adamovicz,tadamoviczk2@walmart.com,190.212.92.42
724,Rosemary,Ekins,rekinsk3@deliciousdays.com,26.138.186.43
725,Carry,Pactat,cpactatk4@illinois.edu,102.237.60.247
726,Merl,Sockell,msockellk5@disqus.com,238.138.255.27
727,Gnni,Chirm,gchirmk6@cpanel.net,48.36.116.33
728,Marlo,Langhor,mlanghork7@ning.com,150.248.21.233
729,Nettie,Giddy,ngiddyk8@slideshare.net,239.207.35.56
730,Emelen,Salla,esallak9@fema.gov,196.184.165.93
731,Lavina,Ealam,lealamka@nydailynews.com,165.7.195.244
732,Glory,Ludewig,gludewigkb@wordpress.com,121.242.192.93
733,Hanna,Izod,hizodkc@csmonitor.com,106.102.12.120
734,Nita,Harfoot,nharfootkd@goo.gl,157.58.25.14
735,Malia,Wilkennson,mwilkennsonke@goodreads.com,25.196.157.94
736,Antonin,Giraudat,agiraudatkf@toplist.cz,118.161.243.75
737,Korney,Schuricke,kschurickekg@berkeley.edu,64.254.24.41
738,Sabina,Hebron,shebronkh@independent.co.uk,107.100.56.11
739,Tiebout,McKimmie,tmckimmieki@nytimes.com,218.150.142.146
740,Chaddie,Stonehouse,cstonehousekj@bravesites.com,81.215.0.242
741,Giacobo,Egalton,gegaltonkk@princeton.edu,235.33.99.247
742,Edd,Lowes,eloweskl@nba.com,187.151.207.74
743,Lemmie,Shorbrook,lshorbrookkm@bloomberg.com,19.209.168.8
744,Amandie,Benkhe,abenkhekn@rediff.com,15.6.100.233
745,Clemens,Limon,climonko@bloglines.com,145.98.224.184
746,Mahmoud,Hackney,mhackneykp@facebook.com,80.29.2.180
747,Trevar,Brosch,tbroschkq@hhs.gov,128.232.209.20
748,Zaria,Headington,zheadingtonkr@clickbank.net,131.127.217.47
749,Linda,Briand,lbriandks@usatoday.com,113.215.169.228
750,Joellyn,Punyer,jpunyerkt@princeton.edu,96.159.158.203
751,Eveline,Vauter,evauterku@sakura.ne.jp,17.226.104.94
752,Rob,Bartram,rbartramkv@ucoz.ru,11.216.223.27
753,Maurizio,Lorentzen,mlorentzenkw@altervista.org,67.231.87.128
754,Deloris,Billyard,dbillyardkx@over-blog.com,113.35.164.217
755,Douglas,Zaple,dzapleky@bloglines.com,85.217.26.101
756,Ashbey,Gillcrist,agillcristkz@123-reg.co.uk,16.222.208.181
757,Beth,Dhennin,bdhenninl0@google.com.hk,178.73.38.128
758,Angelita,Kelcher,akelcherl1@guardian.co.uk,239.63.237.80
759,Grady,Robelin,grobelinl2@hc360.com,211.229.233.82
760,Clementia,Poulston,cpoulstonl3@seattletimes.com,97.35.9.105
761,Lannie,Gelletly,lgelletlyl4@deviantart.com,78.70.118.96
762,Gerhard,Purcell,gpurcelll5@businessinsider.com,240.244.95.183
763,Gus,Denidge,gdenidgel6@omniture.com,85.135.172.208
764,Bertram,Linnell,blinnelll7@nymag.com,211.142.216.251
765,Norby,Uzelli,nuzellil8@whitehouse.gov,215.37.246.225
766,Ynes,Bircher,ybircherl9@lulu.com,11.169.200.109
767,Leontyne,Sartin,lsartinla@g.co,144.77.37.38
768,Nehemiah,Ellcome,nellcomelb@weather.com,85.166.137.80
769,Donni,Josefson,djosefsonlc@canalblog.com,240.24.145.169
770,Fancy,Pogg,fpoggld@hao123.com,215.249.173.70
771,Marco,Depport,mdepportle@google.it,177.228.88.169
772,Gnni,Mickan,gmickanlf@irs.gov,97.28.204.131
773,Jerad,Pauncefort,jpauncefortlg@vinaora.com,97.205.73.234
774,Andrea,Crotch,acrotchlh@godaddy.com,141.154.65.123
775,Marcelia,Adamowicz,madamowiczli@list-manage.com,55.17.145.119
776,Ferdinande,Ciccarello,fciccarellolj@hatena.ne.jp,71.172.200.4
777,Emmanuel,Wells,ewellslk@51.la,12.122.138.82
778,Errol,Batts,ebattsll@who.int,159.168.164.124
779,Hercules,Treadgold,htreadgoldlm@blog.com,122.162.154.60
780,Yetty,Scarffe,yscarffeln@telegraph.co.uk,142.14.253.74
781,Andy,Worts,awortslo@ning.com,173.57.61.227
782,Doll,Frensch,dfrenschlp@nbcnews.com,33.85.164.237
783,Mellisa,Gaunt,mgauntlq@dailymotion.com,233.217.207.102
784,Lewiss,Coop,lcooplr@4shared.com,189.169.61.15
785,Sheba,Grunnill,sgrunnillls@businessinsider.com,217.110.135.124
786,Cammy,Vanshin,cvanshinlt@chicagotribune.com,60.150.125.36
787,Olga,Koba,okobalu@tumblr.com,118.106.63.111
788,Winifred,Danilin,wdanilinlv@cnbc.com,76.196.164.82
789,Sal,Fetherby,sfetherbylw@nyu.edu,228.22.247.5
790,Maurine,Provis,mprovislx@deliciousdays.com,123.167.228.248
791,Elvera,Le Franc,elefrancly@ucoz.ru,33.17.190.4
792,Kippy,Derill,kderilllz@gov.uk,202.231.61.80
793,Marlie,Shekle,msheklem0@telegraph.co.uk,167.143.141.11
794,Mallorie,Olivello,molivellom1@huffingtonpost.com,49.13.58.42
795,Daisi,Mulford,dmulfordm2@go.com,182.170.40.150
796,Michel,Mair,mmairm3@techcrunch.com,226.179.136.124
797,Stephanus,Domniney,sdomnineym4@example.com,34.90.117.180
798,Meir,Archdeckne,marchdecknem5@cocolog-nifty.com,94.74.124.73
799,Janeczka,Glidder,jglidderm6@omniture.com,188.40.146.87
800,Ariela,Doubrava,adoubravam7@spiegel.de,118.204.195.24
801,Agneta,Nairns,anairnsm8@umn.edu,114.25.176.99
802,Karie,Chater,kchaterm9@sohu.com,118.164.119.233
803,Darby,Olivelli,dolivellima@booking.com,179.138.13.90
804,Vallie,Cluney,vcluneymb@bizjournals.com,221.8.238.47
805,Benny,Thomen,bthomenmc@cnbc.com,37.80.125.17
806,Brandice,Amort,bamortmd@tmall.com,196.31.34.15
807,Audie,Rackstraw,arackstrawme@nih.gov,196.11.22.234
808,Milo,O' Loughran,moloughranmf@smh.com.au,34.108.98.133
809,Hyacintha,Wathen,hwathenmg@prnewswire.com,147.19.20.12
810,Simone,Methven,smethvenmh@51.la,115.78.99.228
811,Bunnie,Mulryan,bmulryanmi@example.com,36.98.195.41
812,Bonnee,Mincini,bmincinimj@rakuten.co.jp,28.130.30.161
813,Marcile,Aspden,maspdenmk@bloglovin.com,42.182.21.191
814,Florance,Gillebert,fgillebertml@seattletimes.com,155.96.67.179
815,Merola,Aires,mairesmm@comsenz.com,159.108.222.231
816,Sibyl,Keener,skeenermn@com.com,78.34.71.4
817,Nora,Alfonsetto,nalfonsettomo@meetup.com,64.147.16.218
818,Emmey,Bramhall,ebramhallmp@newyorker.com,200.180.194.158
819,Mata,Ferraretto,mferrarettomq@ucsd.edu,108.255.119.184
820,Rasia,Sheber,rshebermr@woothemes.com,125.113.194.146
821,Deni,Jancey,djanceyms@slate.com,123.35.195.23
822,Natty,Pierrepoint,npierrepointmt@ucoz.com,186.177.113.254
823,Terrence,Seabrooke,tseabrookemu@mayoclinic.com,107.130.245.101
824,Felic,Payne,fpaynemv@addthis.com,42.6.93.181
825,Lona,Bolles,lbollesmw@github.com,75.202.138.51
826,Mackenzie,Hriinchenko,mhriinchenkomx@newyorker.com,252.160.1.141
827,Egor,Barsby,ebarsbymy@businessweek.com,28.206.205.114
828,Lenee,Artis,lartismz@latimes.com,245.108.199.104
829,Moritz,Skitterel,mskittereln0@nyu.edu,183.84.198.173
830,Eleanora,Dicker,edickern1@wikispaces.com,102.213.43.151
831,Yasmeen,Tart,ytartn2@ftc.gov,49.75.103.86
832,Inigo,Kupec,ikupecn3@xing.com,120.245.197.200
833,Daniele,Mawer,dmawern4@sciencedaily.com,40.232.90.239
834,Franz,Maior,fmaiorn5@prlog.org,136.96.145.0
835,Basia,Rudham,brudhamn6@walmart.com,80.178.131.135
836,Nilson,Balffye,nbalffyen7@multiply.com,34.225.28.187
837,Lauryn,Yokley,lyokleyn8@studiopress.com,181.170.92.11
838,Galven,Twells,gtwellsn9@umn.edu,51.20.58.105
839,Lise,McCorley,lmccorleyna@alexa.com,115.54.99.180
840,Nobie,Lawrence,nlawrencenb@instagram.com,69.167.64.212
841,Hilario,Speeks,hspeeksnc@mlb.com,243.176.171.165
842,Alistair,Ind,aindnd@oakley.com,221.161.173.33
843,Bartie,Marchington,bmarchingtonne@cam.ac.uk,43.118.247.209
844,Joye,Felderer,jfelderernf@weebly.com,247.201.34.245
845,Lauretta,Tebbs,ltebbsng@oaic.gov.au,187.199.210.26
846,Jacqueline,Cristou,jcristounh@nba.com,165.199.188.62
847,Dulcie,Southard,dsouthardni@cdbaby.com,179.125.21.6
848,Barty,Blint,bblintnj@apache.org,207.68.171.21
849,Corette,Rolin,crolinnk@canalblog.com,0.104.81.167
850,Valera,Pymar,vpymarnl@fastcompany.com,101.117.93.197
851,Xerxes,Baguley,xbaguleynm@accuweather.com,202.151.28.155
852,Heloise,Skippon,hskipponnn@google.com,239.60.246.55
853,Emmye,Lacelett,elacelettno@4shared.com,211.56.136.190
854,Vanya,Flather,vflathernp@dropbox.com,244.85.206.106
855,Adoree,Becke,abeckenq@webeden.co.uk,75.137.90.161
856,Arluene,Sloper,aslopernr@google.com.br,99.62.113.60
857,Amye,Sewall,asewallns@xinhuanet.com,226.134.28.129
858,Brose,Korejs,bkorejsnt@i2i.jp,46.55.70.218
859,Rodolph,Alastair,ralastairnu@purevolume.com,150.132.248.146
860,Darin,Niles,dnilesnv@boston.com,152.251.199.127
861,Nerissa,Errol,nerrolnw@bravesites.com,41.44.41.149
862,Esther,Snow,esnownx@huffingtonpost.com,3.211.216.63
863,Phillis,Rossbrooke,prossbrookeny@webmd.com,126.16.20.95
864,Justin,Portch,jportchnz@xing.com,19.139.229.65
865,Claudell,Titcombe,ctitcombeo0@wikipedia.org,111.164.11.194
866,Bale,Collecott,bcollecotto1@tinyurl.com,2.61.109.124
867,Jozef,Crafts,jcraftso2@earthlink.net,55.110.156.90
868,Luce,Willmott,lwillmotto3@nature.com,84.135.85.39
869,Pammy,Hartshorne,phartshorneo4@hao123.com,149.236.179.50
870,Chucho,Watt,cwatto5@baidu.com,15.89.118.79
871,Margalo,Ramsay,mramsayo6@tumblr.com,121.178.90.29
872,Stacy,Vala,svalao7@usatoday.com,147.213.108.233
873,Malinda,Rowbrey,mrowbreyo8@squarespace.com,207.170.124.78
874,Gilbertina,Doherty,gdohertyo9@weibo.com,183.126.46.225
875,Lynnea,Chillingworth,lchillingworthoa@ed.gov,90.45.129.215
876,Giorgia,Lowseley,glowseleyob@cyberchimps.com,6.187.190.173
877,Hadlee,Clench,hclenchoc@auda.org.au,198.199.145.143
878,Bradley,Milstead,bmilsteadod@usgs.gov,218.27.137.52
879,Caresse,Hovy,chovyoe@mapquest.com,64.48.118.193
880,Cosmo,Barrett,cbarrettof@ebay.com,93.15.149.6
881,Kenneth,Stealey,kstealeyog@blogger.com,59.65.120.248
882,Elroy,Downie,edownieoh@google.es,190.38.153.220
883,Winona,Hultberg,whultbergoi@bloomberg.com,125.170.235.31
884,Ginni,Claughton,gclaughtonoj@feedburner.com,166.115.26.47
885,Dot,Mabson,dmabsonok@plala.or.jp,152.123.215.35
886,Coriss,De Biasi,cdebiasiol@cdc.gov,48.27.212.178
887,Valaria,Pendell,vpendellom@goo.gl,205.165.192.33
888,Jamima,Ghidini,jghidinion@amazon.co.jp,19.185.33.56
889,Wye,Blasl,wblasloo@soup.io,251.180.109.61
890,Sanders,Meiklam,smeiklamop@who.int,11.40.101.10
891,Sallyann,Furlow,sfurlowoq@businesswire.com,63.57.47.192
892,Rey,Alleburton,ralleburtonor@ovh.net,120.54.233.73
893,Mikel,Coldwell,mcoldwellos@wix.com,204.103.95.110
894,Tobit,Grattan,tgrattanot@ifeng.com,232.245.67.152
895,Minette,Oldmeadow,moldmeadowou@miibeian.gov.cn,90.149.127.124
896,Antonin,Sirett,asirettov@flavors.me,8.42.230.150
897,Benton,Mattiato,bmattiatoow@istockphoto.com,106.13.146.145
898,Emanuel,Nitti,enittiox@biglobe.ne.jp,157.25.119.117
899,Gilberte,Skip,gskipoy@opensource.org,5.176.219.245
900,Toinette,Vines,tvinesoz@webnode.com,153.238.105.28
901,Noble,Dayley,ndayleyp0@hatena.ne.jp,194.88.247.180
902,Isabelita,Laity,ilaityp1@tumblr.com,122.57.90.150
903,Stanford,Ambresin,sambresinp2@tinypic.com,219.185.156.113
904,Quill,Colliss,qcollissp3@google.nl,86.100.166.100
905,Cornall,Keys,ckeysp4@creativecommons.org,170.240.230.209
906,Glynda,Clandillon,gclandillonp5@psu.edu,80.179.164.98
907,Lonnie,Aldcorne,laldcornep6@g.co,64.139.109.245
908,Anders,Gingel,agingelp7@mashable.com,200.67.194.81
909,Sol,Baack,sbaackp8@hexun.com,95.21.205.11
910,Brianne,Minthorpe,bminthorpep9@ycombinator.com,89.199.189.48
911,Garland,McGrann,gmcgrannpa@go.com,190.184.196.49
912,Ingra,Sizzey,isizzeypb@salon.com,70.76.113.255
913,Esta,Martinelli,emartinellipc@zimbio.com,119.63.190.238
914,Diana,Clague,dclaguepd@hostgator.com,199.64.7.173
915,Almeria,Rule,arulepe@indiegogo.com,229.205.189.215
916,Cathe,Rulten,crultenpf@uol.com.br,124.152.89.196
917,Mauricio,Lewsam,mlewsampg@macromedia.com,161.169.124.41
918,Mychal,MacArthur,mmacarthurph@nyu.edu,210.87.23.165
919,Stu,Dunan,sdunanpi@cyberchimps.com,215.104.215.71
920,Cory,McRavey,cmcraveypj@aol.com,177.146.225.33
921,Xerxes,Tortis,xtortispk@example.com,143.39.107.71
922,Valaria,Ransome,vransomepl@tripod.com,41.113.148.173
923,Gretal,Schule,gschulepm@i2i.jp,202.186.134.126
924,Rab,Prynne,rprynnepn@smugmug.com,49.102.143.9
925,Joannes,Sporton,jsportonpo@nsw.gov.au,27.104.151.148
926,Geralda,Jeannesson,gjeannessonpp@istockphoto.com,128.227.79.21
927,Belita,Wimes,bwimespq@eventbrite.com,93.178.34.135
928,Sabrina,Ebanks,sebankspr@storify.com,198.43.173.210
929,Garrott,Lavalle,glavalleps@twitpic.com,213.4.122.18
930,Eddy,Castanos,ecastanospt@mit.edu,132.210.208.185
931,Sterling,Balogh,sbaloghpu@hud.gov,197.163.150.19
932,Cal,Rumbelow,crumbelowpv@shareasale.com,14.39.165.42
933,Jarrid,Clipson,jclipsonpw@usa.gov,76.40.101.183
934,Thomasina,McQuade,tmcquadepx@g.co,188.226.13.226
935,Brana,Ringrose,bringrosepy@drupal.org,46.99.229.68
936,Ronny,Waple,rwaplepz@wikia.com,132.96.107.23
937,Sapphira,Wodeland,swodelandq0@github.com,86.145.38.47
938,Renee,Hastie,rhastieq1@discuz.net,114.109.118.52
939,Sigismondo,Muspratt,smusprattq2@virginia.edu,87.70.192.109
940,Maura,Baline,mbalineq3@spiegel.de,229.38.225.228
941,Justine,Bucklan,jbucklanq4@github.io,162.16.183.22
942,Turner,Seton,tsetonq5@rakuten.co.jp,181.135.199.230
943,Raynard,Cecely,rcecelyq6@tamu.edu,203.124.9.237
944,Chancey,Drew-Clifton,cdrewcliftonq7@arizona.edu,239.127.76.178
945,Clarisse,Ogger,coggerq8@home.pl,25.43.120.189
946,Teodora,Naire,tnaireq9@imdb.com,119.201.10.75
947,Diane-marie,Adcocks,dadcocksqa@google.com,149.227.70.146
948,Mattias,Joplin,mjoplinqb@cisco.com,180.92.132.240
949,Ollie,Kemitt,okemittqc@gnu.org,237.155.159.105
950,Dewie,Styles,dstylesqd@booking.com,182.145.191.230
951,Jock,Shelly,jshellyqe@reference.com,25.64.181.234
952,Sonnie,Forder,sforderqf@hugedomains.com,79.41.165.61
953,Mathilde,Le Huquet,mlehuquetqg@apple.com,57.59.45.20
954,Jonathon,Cave,jcaveqh@nytimes.com,39.98.32.183
955,Blanch,Conyers,bconyersqi@dmoz.org,63.13.195.144
956,Krystyna,Jochen,kjochenqj@reuters.com,236.51.44.67
957,Ermengarde,Linskey,elinskeyqk@java.com,220.175.82.157
958,Fielding,Eager,feagerql@mit.edu,83.81.224.75
959,Rafferty,Cottem,rcottemqm@google.cn,46.50.53.80
960,Michelina,Dirr,mdirrqn@sourceforge.net,157.211.168.150
961,Bette,Bayless,bbaylessqo@imdb.com,201.131.37.152
962,Evita,Gurge,egurgeqp@pen.io,204.64.11.10
963,Constantin,O'Deoran,codeoranqq@whitehouse.gov,71.202.62.154
964,Elisha,Hedditeh,ehedditehqr@businessweek.com,251.187.172.254
965,Camel,Welsby,cwelsbyqs@yolasite.com,57.193.209.88
966,Gina,Keford,gkefordqt@myspace.com,75.165.89.214
967,Sabra,Himsworth,shimsworthqu@liveinternet.ru,13.57.186.86
968,Aldo,Dunning,adunningqv@dagondesign.com,36.22.188.226
969,Rooney,Dundin,rdundinqw@reverbnation.com,92.161.44.22
970,Stevie,Joincey,sjoinceyqx@123-reg.co.uk,159.148.165.16
971,Ulrich,Minor,uminorqy@newsvine.com,232.132.124.122
972,Cherilynn,D'Alesio,cdalesioqz@bravesites.com,153.141.9.122
973,Leesa,Casolla,lcasollar0@answers.com,135.43.41.40
974,Moore,Gresser,mgresserr1@flickr.com,91.111.14.150
975,Leah,Denyagin,ldenyaginr2@google.es,2.5.51.108
976,Dynah,Kincaid,dkincaidr3@prlog.org,178.22.211.226
977,Jasmin,Iacovone,jiacovoner4@chicagotribune.com,73.60.127.34
978,Jany,Lamberto,jlambertor5@archive.org,203.20.150.3
979,Agathe,Bicknell,abicknellr6@taobao.com,36.100.127.191
980,Florry,Denney,fdenneyr7@twitter.com,182.125.250.204
981,Cullen,Gowdridge,cgowdridger8@elpais.com,230.36.8.100
982,Tait,Mayall,tmayallr9@twitpic.com,123.177.237.30
983,Townie,Alvarado,talvaradora@blogspot.com,84.243.129.192
984,Penelope,Whaites,pwhaitesrb@xinhuanet.com,179.57.195.115
985,Bartie,Goroni,bgoronirc@phpbb.com,93.155.113.149
986,Lavina,Mee,lmeerd@youku.com,108.112.206.235
987,Drud,McKennan,dmckennanre@mozilla.org,238.90.97.56
988,Freddy,MacBain,fmacbainrf@amazon.de,123.185.77.63
989,Micaela,Zorn,mzornrg@amazon.co.uk,160.165.89.44
990,Oby,Blunt,obluntrh@oracle.com,146.67.89.70
991,Sonny,Cunliffe,scunlifferi@liveinternet.ru,1.77.90.99
992,Beulah,Speir,bspeirrj@devhub.com,229.222.144.162
993,Leeann,Longford,llongfordrk@yellowpages.com,29.7.187.219
994,Drucie,Taunton.,dtauntonrl@about.me,180.233.153.103
995,Madelina,Alenichev,malenichevrm@prlog.org,133.235.88.183
996,Lind,Lafflina,llafflinarn@reddit.com,130.113.232.163
997,Filmore,Brood,fbroodro@github.io,192.1.25.242
998,Lenette,O' Faherty,lofahertyrp@hc360.com,90.194.41.161
999,Schuyler,Gudgion,sgudgionrq@bbc.co.uk,153.235.10.183
1000,Lenci,Aspinwall,laspinwallrr@ifeng.com,210.200.56.188
